Method;Job;AnalyzeLaunchVariance;EvaluateOverhead;MaxAbsoluteError;MaxRelativeError;MinInvokeCount;MinIterationTime;OutlierMode;Affinity;EnvironmentVariables;Jit;LargeAddressAware;Platform;PowerPlanMode;Runtime;AllowVeryLargeObjects;Concurrent;CpuGroups;Force;HeapAffinitizeMask;HeapCount;NoAffinitize;RetainVm;Server;Arguments;BuildConfiguration;Clock;EngineFactory;NuGetReferences;Toolchain;IsMutator;InvocationCount;IterationCount;IterationTime;LaunchCount;MaxIterationCount;MaxWarmupIterationCount;MemoryRandomization;MinIterationCount;MinWarmupIterationCount;RunStrategy;UnrollFactor;WarmupCount;Horizon;Scenario;Mean;Error;StdDev;Ratio;RatioSD;Gen0;Gen1;Allocated;Alloc Ratio
AnalyzeOnly;DefaultJob;False;Default;Default;Default;Default;Default;Default;1111111111111111;Empty;RyuJit;Default;X64;8c5e7fda-e8bf-4a96-9a85-a6e23a8c635c;.NET 10.0;False;True;False;True;Default;Default;False;False;False;Default;Default;Default;Default;Default;Default;Default;Default;Default;Default;Default;Default;Default;Default;Default;Default;Default;16;Default;100;General;215.7 ns;2.16 ns;2.02 ns;0.06;0.00;0.0000;0.0000;0 B;0.00
DirectExact;DefaultJob;False;Default;Default;Default;Default;Default;Default;1111111111111111;Empty;RyuJit;Default;X64;8c5e7fda-e8bf-4a96-9a85-a6e23a8c635c;.NET 10.0;False;True;False;True;Default;Default;False;False;False;Default;Default;Default;Default;Default;Default;Default;Default;Default;Default;Default;Default;Default;Default;Default;Default;Default;16;Default;100;General;"3,433.1 ns";58.30 ns;54.53 ns;1.00;0.02;0.1793;0.0000;1896 B;1.00
AdaptiveExact;DefaultJob;False;Default;Default;Default;Default;Default;Default;1111111111111111;Empty;RyuJit;Default;X64;8c5e7fda-e8bf-4a96-9a85-a6e23a8c635c;.NET 10.0;False;True;False;True;Default;Default;False;False;False;Default;Default;Default;Default;Default;Default;Default;Default;Default;Default;Default;Default;Default;Default;Default;Default;Default;16;Default;100;General;"3,459.8 ns";62.34 ns;58.32 ns;1.01;0.02;0.1793;0.0000;1896 B;1.00
AnalyzeOnly;DefaultJob;False;Default;Default;Default;Default;Default;Default;1111111111111111;Empty;RyuJit;Default;X64;8c5e7fda-e8bf-4a96-9a85-a6e23a8c635c;.NET 10.0;False;True;False;True;Default;Default;False;False;False;Default;Default;Default;Default;Default;Default;Default;Default;Default;Default;Default;Default;Default;Default;Default;Default;Default;16;Default;100;NSM;200.9 ns;3.77 ns;3.34 ns;0.08;0.00;0.0000;0.0000;0 B;0.00
DirectExact;DefaultJob;False;Default;Default;Default;Default;Default;Default;1111111111111111;Empty;RyuJit;Default;X64;8c5e7fda-e8bf-4a96-9a85-a6e23a8c635c;.NET 10.0;False;True;False;True;Default;Default;False;False;False;Default;Default;Default;Default;Default;Default;Default;Default;Default;Default;Default;Default;Default;Default;Default;Default;Default;16;Default;100;NSM;"2,672.1 ns";53.42 ns;59.37 ns;1.00;0.03;0.1793;0.0000;1896 B;1.00
AdaptiveExact;DefaultJob;False;Default;Default;Default;Default;Default;Default;1111111111111111;Empty;RyuJit;Default;X64;8c5e7fda-e8bf-4a96-9a85-a6e23a8c635c;.NET 10.0;False;True;False;True;Default;Default;False;False;False;Default;Default;Default;Default;Default;Default;Default;Default;Default;Default;Default;Default;Default;Default;Default;Default;Default;16;Default;100;NSM;"2,672.3 ns";39.68 ns;37.12 ns;1.00;0.03;0.1793;0.0000;1896 B;1.00
AnalyzeOnly;DefaultJob;False;Default;Default;Default;Default;Default;Default;1111111111111111;Empty;RyuJit;Default;X64;8c5e7fda-e8bf-4a96-9a85-a6e23a8c635c;.NET 10.0;False;True;False;True;Default;Default;False;False;False;Default;Default;Default;Default;Default;Default;Default;Default;Default;Default;Default;Default;Default;Default;Default;Default;Default;16;Default;1000;General;"2,009.1 ns";24.24 ns;20.24 ns;0.05;0.00;0.0000;0.0000;0 B;0.00
DirectExact;DefaultJob;False;Default;Default;Default;Default;Default;Default;1111111111111111;Empty;RyuJit;Default;X64;8c5e7fda-e8bf-4a96-9a85-a6e23a8c635c;.NET 10.0;False;True;False;True;Default;Default;False;False;False;Default;Default;Default;Default;Default;Default;Default;Default;Default;Default;Default;Default;Default;Default;Default;Default;Default;16;Default;1000;General;"40,179.5 ns";557.97 ns;521.92 ns;1.00;0.02;1.5869;0.0000;17192 B;1.00
AdaptiveExact;DefaultJob;False;Default;Default;Default;Default;Default;Default;1111111111111111;Empty;RyuJit;Default;X64;8c5e7fda-e8bf-4a96-9a85-a6e23a8c635c;.NET 10.0;False;True;False;True;Default;Default;False;False;False;Default;Default;Default;Default;Default;Default;Default;Default;Default;Default;Default;Default;Default;Default;Default;Default;Default;16;Default;1000;General;"40,263.3 ns";724.94 ns;642.64 ns;1.00;0.02;1.5869;0.0000;17192 B;1.00
AnalyzeOnly;DefaultJob;False;Default;Default;Default;Default;Default;Default;1111111111111111;Empty;RyuJit;Default;X64;8c5e7fda-e8bf-4a96-9a85-a6e23a8c635c;.NET 10.0;False;True;False;True;Default;Default;False;False;False;Default;Default;Default;Default;Default;Default;Default;Default;Default;Default;Default;Default;Default;Default;Default;Default;Default;16;Default;1000;NSM;"1,731.2 ns";23.99 ns;20.03 ns;0.07;0.00;0.0000;0.0000;0 B;0.00
DirectExact;DefaultJob;False;Default;Default;Default;Default;Default;Default;1111111111111111;Empty;RyuJit;Default;X64;8c5e7fda-e8bf-4a96-9a85-a6e23a8c635c;.NET 10.0;False;True;False;True;Default;Default;False;False;False;Default;Default;Default;Default;Default;Default;Default;Default;Default;Default;Default;Default;Default;Default;Default;Default;Default;16;Default;1000;NSM;"25,746.1 ns";468.16 ns;437.91 ns;1.00;0.02;1.6174;0.0000;17192 B;1.00
AdaptiveExact;DefaultJob;False;Default;Default;Default;Default;Default;Default;1111111111111111;Empty;RyuJit;Default;X64;8c5e7fda-e8bf-4a96-9a85-a6e23a8c635c;.NET 10.0;False;True;False;True;Default;Default;False;False;False;Default;Default;Default;Default;Default;Default;Default;Default;Default;Default;Default;Default;Default;Default;Default;Default;Default;16;Default;1000;NSM;"25,643.0 ns";351.30 ns;311.42 ns;1.00;0.02;1.6174;0.0000;17192 B;1.00
AnalyzeOnly;DefaultJob;False;Default;Default;Default;Default;Default;Default;1111111111111111;Empty;RyuJit;Default;X64;8c5e7fda-e8bf-4a96-9a85-a6e23a8c635c;.NET 10.0;False;True;False;True;Default;Default;False;False;False;Default;Default;Default;Default;Default;Default;Default;Default;Default;Default;Default;Default;Default;Default;Default;Default;Default;16;Default;10000;General;"18,117.1 ns";358.29 ns;335.14 ns;0.04;0.00;0.0000;0.0000;0 B;0.00
DirectExact;DefaultJob;False;Default;Default;Default;Default;Default;Default;1111111111111111;Empty;RyuJit;Default;X64;8c5e7fda-e8bf-4a96-9a85-a6e23a8c635c;.NET 10.0;False;True;False;True;Default;Default;False;False;False;Default;Default;Default;Default;Default;Default;Default;Default;Default;Default;Default;Default;Default;Default;Default;Default;Default;16;Default;10000;General;"480,207.0 ns";"8,371.49 ns";"7,830.70 ns";1.00;0.02;16.1133;3.4180;170192 B;1.00
AdaptiveExact;DefaultJob;False;Default;Default;Default;Default;Default;Default;1111111111111111;Empty;RyuJit;Default;X64;8c5e7fda-e8bf-4a96-9a85-a6e23a8c635c;.NET 10.0;False;True;False;True;Default;Default;False;False;False;Default;Default;Default;Default;Default;Default;Default;Default;Default;Default;Default;Default;Default;Default;Default;Default;Default;16;Default;10000;General;"493,627.3 ns";"5,449.88 ns";"5,097.82 ns";1.03;0.02;15.6250;2.9297;170192 B;1.00
AnalyzeOnly;DefaultJob;False;Default;Default;Default;Default;Default;Default;1111111111111111;Empty;RyuJit;Default;X64;8c5e7fda-e8bf-4a96-9a85-a6e23a8c635c;.NET 10.0;False;True;False;True;Default;Default;False;False;False;Default;Default;Default;Default;Default;Default;Default;Default;Default;Default;Default;Default;Default;Default;Default;Default;Default;16;Default;10000;NSM;"17,037.0 ns";320.52 ns;314.79 ns;0.05;0.00;0.0000;0.0000;0 B;0.00
DirectExact;DefaultJob;False;Default;Default;Default;Default;Default;Default;1111111111111111;Empty;RyuJit;Default;X64;8c5e7fda-e8bf-4a96-9a85-a6e23a8c635c;.NET 10.0;False;True;False;True;Default;Default;False;False;False;Default;Default;Default;Default;Default;Default;Default;Default;Default;Default;Default;Default;Default;Default;Default;Default;Default;16;Default;10000;NSM;"365,232.2 ns";"6,482.27 ns";"5,746.36 ns";1.00;0.02;16.1133;3.4180;170192 B;1.00
AdaptiveExact;DefaultJob;False;Default;Default;Default;Default;Default;Default;1111111111111111;Empty;RyuJit;Default;X64;8c5e7fda-e8bf-4a96-9a85-a6e23a8c635c;.NET 10.0;False;True;False;True;Default;Default;False;False;False;Default;Default;Default;Default;Default;Default;Default;Default;Default;Default;Default;Default;Default;Default;Default;Default;Default;16;Default;10000;NSM;"366,674.1 ns";"4,616.05 ns";"4,092.01 ns";1.00;0.02;16.1133;3.4180;170192 B;1.00
